<component name="ProjectRunConfigurationManager">
  <configuration default="false" name="Clase3gticsApplication" type="SpringBootApplicationConfigurationType" factoryName="Spring Boot" nameIsGenerated="true">
    <option name="ALTERNATIVE_JRE_PATH" value="17" />
    <option name="ALTERNATIVE_JRE_PATH_ENABLED" value="true" />
    <module name="clase3gtics" />
    <option name="SPRING_BOOT_MAIN_CLASS" value="com.example.clase3gtics.Clase3gticsApplication" />
    <method v="2">
      <option name="Make" enabled="true" />
    </method>
  </configuration>
</component>